ID, Fullname, Gender, Birthday
97e1d4b6-058d-497e-b7c2-b94fffd024a9, On Thu Phuong, Female, 4/13/2005
ffbfe0e0-1090-4d2a-b216-c5fe43cb329c, Ngo Thanh Oanh, Male, 6/5/2004
762baf36-bfa3-4c0c-b687-74c6e10ba160, Le Thu Oanh, Male, 2/26/2005
8dd3c339-41e0-4a80-964c-83e4da522568, Le Thanh Nhu, Female, 5/19/2004
795e030f-5b9b-4b47-9b34-56fc104cea3a, Ly Thanh Giang, Male, 9/9/2005
e4fa8738-b28d-4fa1-908d-e76b3b72a1f9, Tran Thanh Phuong, Male, 10/9/2004
48a14fe9-c715-451d-9b55-f18b6e23fef8, Nguyen Anh Nhu, Male, 3/11/2006
d4f4e51e-5bb5-4b85-9626-6fc3846df99c, Dinh Thu Huyen, Female, 3/18/2005
40f45bdf-3b98-4219-9b1b-4d4811945dae, Le Thu Van, Female, 10/5/2005
bcabe62a-8d6d-462f-a1e7-9d114986d5a0, Le Minh Giang, Female, 9/10/2004
053a7661-8ba3-44f7-8f39-775fc749ac90, La Thu Huyen, Female, 6/26/2005
72b62474-4ab1-40bb-8d7e-c069cb2d3db3, Le Thi Dung, Female, 8/14/2005
93b430e9-8474-4d88-bbf2-877b8f04e7b1, Ly Minh Van, Male, 3/27/2004
c36d7128-3f54-4764-8847-c17c02aa3cf3, Ly Thanh Nhu, Female, 6/22/2004
8beadbfa-37ca-4664-bfa4-3a256253a8f5, Dinh Thi Oanh, Male, 1/14/2005
7700075e-0e27-4820-a5ba-c36d7fbb5374, Ly Ngoc Uyen, Female, 1/2/2004
97bc9a51-9d72-4c39-b26e-0e6b874f7208, Dinh Thi Huyen, Male, 2/15/2006
8a0d2c9d-0b79-4271-aeb7-b896c4ad542e, La Thu Oanh, Male, 3/21/2005
32d1b52a-8e7a-4859-9ec2-4732c4d88bcd, Dinh Thi Uyen, Female, 5/18/2005
6687f242-8dbb-47ca-9800-adc18d36ecef, Pham Minh Dung, Male, 2/24/2004
b5ff4888-f06a-49ad-8b10-f539373cdc9b, Nguyen Minh Tam, Female, 12/24/2004
4ec57500-73ff-40a9-951e-5d26f30296ed, On Ngoc Uyen, Male, 12/2/2006
1578ac60-48de-4354-868a-d0d1c3f7c2f8, Dinh Minh Uyen, Male, 5/20/2005
6ac9eb1e-1eb6-420c-9f97-8a3a6ce602be, Tran Thu Uyen, Male, 12/21/2004
e4be3685-1852-4e51-817b-a0657d376e0d, Tran Thanh Phuong, Female, 3/4/2005
6995ad19-488a-4cfd-9a46-ef51bc538a5b, Pham Anh Tam, Male, 8/6/2005
87d3add6-304c-4e7a-a897-96ca08c714b3, Tran Minh Van, Female, 12/8/2004
832b90cb-adee-48d6-b940-37484559b699, Le Minh Dung, Male, 4/24/2004
5a0df592-aa97-4411-8ed2-5e3dd948da36, Pham Ngoc Dung, Male, 6/4/2005
e3cf8bd8-c368-45d9-a850-278806883c8c, Nguyen Minh Phuong, Male, 6/20/2004
69019a52-ef62-416f-bb22-ac91b8077779, Dinh Minh Uyen, Female, 9/24/2004
8309c523-8dee-4f56-8285-db4936ae7760, Dinh Thanh Giang, Female, 6/7/2005
6e15a53d-5378-4a22-a9e1-c30a094f6f14, La Thu Van, Male, 10/19/2005
1b7e5027-9979-4988-84f6-6e2b0b40088f, Le Minh Huyen, Female, 2/22/2006
a0fb8e61-bc8d-499f-8136-640768400736, La Minh Giang, Female, 2/27/2005
d353c60b-4a6f-4ee7-81d6-14bae996aee3, Pham Minh Tam, Male, 10/28/2004
95b28bf8-d8fe-4773-be45-908cbce71f69, Ly Thanh Phuong, Male, 7/5/2006
061edf65-2456-4397-94d1-3ebaf88f3462, La Minh Uyen, Male, 7/5/2004
5ee6a915-00bf-4f06-99e1-e5d8762dd738, La Thi Van, Female, 11/27/2004
006504f9-7e05-461b-b8b5-5e4943f33444, Tran Minh Nhi, Female, 10/17/2006
f7da7944-1a52-48d6-822a-0e23e09a9241, Ly Thi Nhu, Female, 4/25/2005
2ffd6fcb-82c2-4929-83b2-ce32007033bf, Pham Thi Giang, Male, 9/25/2005
fc081e19-61f3-4bb1-8585-5cf02faa17e7, On Ngoc Nhi, Male, 7/28/2006
5beadaa4-6c4b-4bcb-8a7e-283e8c76fb45, Nguyen Ngoc Tam, Male, 3/3/2005
b7493717-e13c-40b6-89ac-3329dc8eb8e5, Le Minh Tam, Male, 12/8/2006
e212bb13-74a4-40cc-8c26-d660fa7aa7c9, Le Thi Uyen, Female, 4/28/2005
d73362f5-cf6e-4f35-a91b-620a78b23a2c, Le Anh Giang, Female, 10/29/2005
4495cbf3-28e6-4abf-a10e-ac98bb0c8e54, Ngo Thanh Uyen, Male, 9/15/2004
13554323-cade-4f58-84fc-fbb881a98c5f, Pham Thi Oanh, Male, 3/11/2004
731acb5b-4598-47a5-a06c-c349165b81da, Ngo Anh Van, Male, 4/14/2006
0b7c90de-f79a-43bf-9bba-9e59b1a4b042, Le Thi Dung, Female, 3/2/2004
d2b04c1f-9b2f-4db5-902f-f9025c21cd67, Ngo Thi Phuong, Male, 10/8/2004
92c3e38c-91ea-46a0-a23b-cb308b0e9c7e, Dinh Thanh Nhu, Male, 12/20/2004
be142ca1-0701-45aa-9e1c-d867f86f0a39, Le Thi Uyen, Male, 7/20/2004
850eae80-95fd-4a03-a5af-7dcbc21eafd5, La Ngoc Nhu, Female, 7/6/2004
e0c68e26-1961-4bd0-9bdb-49ee945a82f3, La Ngoc Nhu, Female, 12/16/2006
433fd3da-7462-47af-9661-8a568757c63e, Nguyen Anh Huyen, Female, 11/28/2006
07a01848-ef95-410c-bf75-77081c008671, La Thi Phuong, Female, 7/9/2005
f3de590e-aaed-4d1d-8dc3-1a705849660e, Ly Thanh Uyen, Female, 7/12/2004
22c4c669-4f90-4921-a7bb-22dd89336527, Le Minh Phuong, Male, 10/18/2006
c903cab8-a870-4dba-ba55-d0d42e855b3f, Ly Minh Nhu, Female, 9/20/2004
1aecaf24-41f9-44d2-8a86-539b73a5db16, La Thanh Van, Male, 12/26/2005
0a64a9cb-2a80-45f9-b744-2518fbf1896b, On Thanh Nhi, Male, 11/16/2004
4d892722-a75e-4e16-9876-e8940302f602, Pham Minh Uyen, Female, 7/15/2005
7877c232-56a9-4507-b05a-dcc40e4e7e4f, La Thu Phuong, Female, 9/29/2005
1fa672b1-d613-457d-a4e5-6b93be45c313, Dinh Thi Nhu, Female, 8/26/2005
3ce9b0e0-a1b8-4ebf-90c8-fea142c219f5, On Minh Nhu, Female, 1/4/2005
ed8d1409-acd0-4692-a6ed-a84e91ce0a50, Ngo Thu Phuong, Male, 8/21/2006
c99d763d-bc90-4818-bc08-f2695bf707b6, Tran Ngoc Uyen, Male, 9/1/2004
b5d90de4-11aa-411d-882b-2ac01d3043dc, Dinh Thi Uyen, Female, 5/20/2005
a7bdcb8f-f9e2-45c3-815c-6fe22f27f07a, La Anh Tam, Male, 3/17/2004
af5fc938-95e5-410e-abeb-b089c6289472, Ngo Minh Oanh, Female, 2/26/2006
5691f30d-2390-41a1-8682-3a69e7aeb34c, On Minh Nhi, Male, 7/18/2005
77d07e8e-d333-4152-9439-4c78e91d80fa, Pham Thanh Tam, Female, 3/14/2004
482ce9d5-0199-4ee2-8164-5fe614a3ce41, Dinh Thanh Phuong, Female, 12/5/2004
e856fe40-fc05-4cbc-abe3-e9cbf117b8ab, Ngo Minh Nhi, Female, 8/20/2005
8ffe0d0f-ce01-4d3c-98da-eaff7efd15f1, Ly Thu Van, Male, 8/28/2006
2862655b-0210-4535-b75e-f5fa31da480b, Le Thi Nhi, Female, 2/9/2004
3c042bad-411a-4c2a-924e-170b3cfb0113, Tran Minh Uyen, Female, 11/7/2006
635a4e5e-0ed3-45da-a950-f9adcab371b7, Le Minh Giang, Female, 4/18/2006
2a889d55-f974-4610-a586-a10dc3269eb7, Tran Thi Uyen, Female, 10/1/2005
d1ef425f-5e35-485c-beac-2e86a106ec5d, On Anh Giang, Male, 8/28/2005
ebf8f26d-06b5-421f-b202-35f2782d40fe, Ngo Thanh Tam, Female, 11/22/2006
339d198d-f947-4191-9b78-f711072527f4, On Minh Dung, Male, 2/7/2004
5285309d-4f2e-4247-a90c-2cb72c5179fa, Ly Ngoc Oanh, Female, 3/15/2004
1af80aa0-95b6-46b6-9044-fbc2d7bd5502, Dinh Thi Phuong, Female, 7/8/2005
6f689dde-d6ac-40e7-841f-d33ca6ea6c40, Ngo Anh Giang, Female, 3/15/2006
62e81b50-20a6-44be-9444-4879005904e4, Pham Thi Giang, Male, 3/31/2004
5e342500-b081-42eb-b1b6-eeb2924f020f, Dinh Anh Huyen, Male, 7/24/2006
40f5bb4a-63bb-47b8-af74-cef0ee673d11, Ngo Minh Nhu, Female, 2/9/2004
5a174234-9cc2-4979-a2dc-07b5cf0ceae4, Pham Anh Uyen, Female, 2/13/2005
5df79619-be78-471e-a4d5-c00d49e5ab72, La Thi Nhu, Female, 11/2/2004
750edd07-33da-456f-83e3-8cb2b5c45288, Nguyen Anh Nhi, Female, 9/19/2004
b592cdaa-01bc-4c1a-ac52-8e5c604af9f8, Pham Thu Huyen, Male, 12/24/2005
b3edae64-3768-440d-869d-a4b6a01d6fba, Ngo Minh Dung, Female, 4/18/2005
cc1341aa-8d99-43bf-b07d-ca77b2c55277, Le Anh Tam, Female, 8/24/2006
94dff4ef-62b3-4278-b505-45e585a4b149, Le Anh Giang, Female, 10/27/2004
86643293-0c58-46fa-a477-849fe7747354, Tran Ngoc Uyen, Female, 9/28/2004
295509d4-97c2-4833-a9fc-6a8156a46911, Tran Ngoc Uyen, Female, 2/16/2004
67b260cb-d8d7-45de-b2ba-5f6dd16d50fb, Ngo Ngoc Giang, Male, 7/2/2004
