ID, Fullname
0, Lý Anh Long
1, Nguyễn Hoàng Bảo Long
2, Hồ Văn Long
3, Trần Hoàng Bảo Long
4, Lê Thúy Trang
5, Lý Thúy Đạt
6, Nguyễn Văn Thành
7, Trần Thúy Đạt
8, Lý Văn Thành
9, Võ Hoàng Bảo Đạt
10, Trần Thúy Đạt
11, Trần Văn Trang
12, Lê Văn Trang
13, Trần Anh Long
14, Trần Minh Long
15, Lý Minh Thành
16, Trần Hoàng Bảo Thành
17, Lê Anh Trang
18, Nguyễn Anh Long
19, Hồ Minh Thành
20, Lý Minh Long
21, Trần Hoàng Bảo Thành
22, Trần Văn Thành
23, Võ Anh Thành
24, Hồ Thị Long
25, Lê Hoàng Bảo Thành
26, Lý Thúy Đạt
27, Lê Thị Trang
28, Nguyễn Minh Đạt
29, Lý Minh Long
30, Lê Hoàng Bảo Long
31, Lê Văn Trang
32, Hồ Anh Đạt
33, Lý Văn Long
34, Hồ Thúy Long
35, Hồ Anh Long
36, Lý Minh Long
37, Nguyễn Thúy Trang
38, Hồ Hoàng Bảo Thành
39, Trần Thúy Trang
40, Hồ Thị Đạt
41, Lý Văn Trang
42, Nguyễn Hoàng Bảo Trang
43, Lý Thúy Long
44, Võ Hoàng Bảo Thành
45, Võ Minh Long
46, Lý Hoàng Bảo Đạt
47, Lý Văn Đạt
48, Nguyễn Thị Trang
49, Lê Hoàng Bảo Long
50, Trần Anh Đạt
51, Hồ Hoàng Bảo Long
52, Võ Thị Long
53, Hồ Thị Long
54, Lý Minh Đạt
55, Võ Anh Đạt
56, Trần Thị Thành
57, Trần Thị Trang
58, Lê Văn Trang
59, Lý Thúy Trang
60, Võ Minh Long
61, Võ Hoàng Bảo Long
62, Lý Hoàng Bảo Đạt
63, Võ Văn Đạt
64, Lê Anh Trang
65, Lý Thúy Thành
66, Lý Thị Đạt
67, Hồ Minh Thành
68, Nguyễn Thúy Thành
69, Lê Văn Trang
70, Lý Thị Long
71, Lý Thúy Thành
72, Lê Anh Trang
73, Lê Văn Long
74, Nguyễn Thúy Long
75, Lý Thúy Đạt
76, Trần Anh Đạt
77, Lý Văn Thành
78, Hồ Minh Đạt
79, Nguyễn Anh Thành
80, Trần Thúy Thành
81, Lý Hoàng Bảo Long
82, Hồ Anh Đạt
83, Trần Minh Thành
84, Lê Anh Thành
85, Lý Thị Long
86, Võ Minh Thành
87, Nguyễn Văn Long
88, Trần Minh Đạt
89, Nguyễn Minh Long
90, Lý Thị Trang
91, Võ Anh Thành
92, Nguyễn Thúy Thành
93, Trần Văn Trang
94, Lê Hoàng Bảo Đạt
95, Võ Văn Long
96, Lê Anh Long
97, Lê Văn Đạt
98, Hồ Thị Trang
99, Võ Anh Long
