ID, UUID, Fullname, Birthday
0, 12e71cd1-cddd-4e02-a0cc-fa69921d59d9, Lý Minh Thành, 1/13/2002 3:33:52 PM
1, 07523234-5198-47c4-a5ae-b179948013a3, Nguyễn Thái Thanh, 7/22/2003 8:31:09 PM
2, 096431ca-fbbd-4e8e-afcd-7f68f872ddd9, Võ Hoàng Bảo Dương, 12/1/2004 6:36:22 PM
3, 4d5b6878-e97b-40e8-bc95-2b05e0b7f131, Hồ Minh Đạt, 7/17/2002 5:22:18 AM
4, 9c512269-3e3c-4816-b105-c18da70d98f0, Lý Văn Phúc, 7/10/2002 3:57:52 AM
5, 2d57131b-32c6-4252-98a1-a9914cd03ab7, Phạm Thúy Phương, 7/6/2002 5:18:59 PM
6, 85057c92-f859-4a72-b3c8-5b1dc68ce678, Võ Minh Khoa, 11/26/2002 8:08:38 PM
7, 7eb2c5d7-e800-4450-8212-e9eec9554f04, Nguyễn Minh Thành, 7/29/2004 3:01:45 PM
8, da34ef89-cd35-4664-9524-5f36a4cf8093, Hoàng Minh Dũng, 1/20/2002 7:00:25 PM
9, 946577c0-5fa8-45de-8665-a3d804b8396b, Hoàng Văn Dũng, 5/15/2003 7:27:31 PM
10, d1ffc22c-df8e-4ca7-b5c8-e06e62b272eb, Hoàng Thái Khoa, 3/8/2002 10:43:50 AM
11, 7521841c-8054-45d9-8aad-2bc9787e0648, Nguyễn Thị Đạt, 10/10/2004 11:32:59 PM
12, 164e1e52-99af-471f-8690-2077c8453fe8, Trần Thúy Tuấn, 2/12/2003 3:26:21 PM
13, 74eb1ece-3132-45a0-bd1a-4f28014a1ee7, Phạm Thị Long, 8/9/2002 4:29:24 PM
14, d0bafa62-7e35-49cf-85cc-972dcbf389ca, Hoàng Thúy Thanh, 9/12/2002 6:50:52 AM
15, 2ea2c29c-61d8-4507-a49e-bfdd810d232f, Hồ Thị Long, 7/23/2004 8:28:41 AM
16, 966be894-140b-4331-9944-90a0132c9647, Võ Anh Thành, 10/18/2003 9:05:37 PM
17, 752ff2b2-0ce5-45a3-b8b5-45c4eb588b09, Nguyễn Minh Giang, 1/13/2004 5:00:18 AM
18, 601935c8-11f3-43b0-81b7-b1889ed7a65a, Đoàn Văn Long, 6/3/2002 4:50:07 AM
19, f246d8c3-af26-4cc7-9cf5-6b4e81175000, Phạm Minh Phương, 7/20/2004 12:01:45 AM
20, b1d545c4-03b9-486f-a474-55410cb30aaa, Hoàng Minh Huy, 10/19/2004 4:21:47 AM
21, 926bfe6d-7295-45cb-a6b8-b28df462b136, Lý Anh Phúc, 6/7/2003 11:19:47 AM
22, f9027835-2c74-44c7-a99d-acfbfd5f57cc, Đoàn Kiều Trang, 10/6/2003 1:40:53 AM
23, 9abdaf05-fd10-460b-9602-d2d93c8e58ed, Lưu Xuân Dương, 7/7/2003 11:50:16 AM
24, 13dc04df-9304-4522-bff0-987964cc7af8, Nguyễn Kiều Dũng, 9/8/2002 3:02:35 AM
25, a15cb513-af8a-4ef9-a44d-906be84b3b37, Lưu Anh Giang, 2/12/2002 6:29:58 PM
26, 7ba59c57-604e-4ec6-88db-dbb45ad8585d, Võ Thúy Phương, 12/4/2004 4:57:28 AM
27, c9591641-4a6c-4f04-9dfa-3f38aa54d2e1, Lưu Minh Thành, 7/24/2004 11:23:06 PM
28, 6baba5ec-b87f-4d2c-861f-06273c9ff335, Hoàng Thùy Khoa, 6/19/2004 11:38:34 AM
29, e35efa8f-c1c3-49a6-899f-f0195d039f8a, Hoàng Thảo Linh, 12/8/2002 2:12:30 PM
30, 6920d3cf-ed9c-4d83-b3c6-b976ce3c54f2, Lý Thúy Linh, 5/1/2003 5:56:14 PM
31, 954b0174-d619-49c9-b041-76af04a0b964, Nguyễn Anh Thành, 6/21/2003 3:21:51 PM
32, 7fd2c7ea-520f-44f7-bf68-7a0e0de69e89, Lý Anh Dũng, 3/9/2002 9:59:43 PM
33, 9c369d7f-e62d-4eb6-bd74-3dca75219141, Lê Thị Khoa, 6/16/2003 7:02:10 PM
34, 3007d4f2-3ee5-44c2-af65-aba7c1f8e3e8, Hồ Kiều Phúc, 2/15/2002 6:59:17 PM
35, fb7e0e41-1b57-41bc-8e20-f90cd6672ea4, Hoàng Thái Đạt, 11/10/2003 5:17:42 PM
36, 38b2d875-7e44-4ccc-9ad2-0f2ab6987e23, Trần Thanh Huy, 1/9/2004 1:05:04 AM
37, 214a1fed-f759-41c3-8098-82c7c305741a, Hoàng Minh Dương, 10/13/2002 8:40:40 AM
38, 7d874546-55d0-4f14-a9aa-9e79dda32cb1, Phạm Kiều Thanh, 9/18/2003 2:44:44 AM
39, 004a8df5-37b7-41ca-a17f-fda8ed5e9fbf, Đoàn Thanh Ngọc, 2/4/2004 9:11:10 AM
40, 00df2277-72dd-4617-8c48-da169fa1078e, Hoàng Thái Thanh, 8/7/2003 6:21:59 AM
41, 8bf54923-43b1-4042-8963-9580f17f97f0, Lưu Thị Tuấn, 3/1/2004 4:59:50 PM
42, 202cf0c9-df49-436a-9e44-ec73e74d512a, Lý Minh Anh, 1/13/2003 8:27:53 AM
43, b9866223-ce57-4a39-bd36-d35cb66b7c87, Trần Thái Phúc, 3/23/2002 6:52:41 PM
44, 4f3f0d57-afa4-4773-b8f6-d12074a5981a, Nguyễn Thùy Phương, 10/21/2004 7:17:16 AM
45, 9b68c6f5-4e99-4b51-986e-b34cf1acd5ee, Trần Thùy Linh, 11/23/2003 8:15:56 AM
46, 497b14b3-4729-47c8-83f0-bdf567a56109, Đoàn Thảo Đạt, 8/24/2002 7:36:12 AM
47, db17bd15-d6f5-446e-af15-4afb67b0cf74, Hoàng Thùy Linh, 8/17/2003 2:01:20 PM
48, 6b8d5a7c-eded-4fa3-ae8a-77cef4977ecd, Phạm Minh Ngọc, 6/24/2003 10:16:27 PM
49, a1c199a2-dbd5-46b1-bdca-634230e85e90, Hồ Anh Long, 1/4/2002 12:09:30 AM
50, 7985144e-cb80-4c62-abd5-9bc47c49bf7a, Đoàn Thị Dũng, 11/10/2002 9:36:59 PM
51, 1b978bd7-929b-4046-88d5-201d18617cbc, Trần Thanh Ngọc, 8/24/2002 7:33:43 AM
52, 6ff6a208-6785-48df-8763-496a62b08980, Trần Minh Bảo, 9/12/2003 6:08:39 AM
53, b9f6c799-357e-40f1-9851-b161a053adf7, Võ Văn Dũng, 1/4/2002 12:29:11 AM
54, 647796aa-7f23-4db7-a60f-b6ffc81cc6fe, Hồ Hoàng Bảo Đạt, 6/28/2002 1:16:57 AM
55, 69bf22ae-07d1-4989-b034-316494f28412, Lý Hoàng Bảo Phúc, 6/3/2004 10:33:42 PM
56, 746f6a07-ba88-4748-a991-effd55c6f03c, Hồ Xuân Bảo, 8/13/2002 1:09:53 PM
57, fb2ae4fe-6d24-46ec-8abf-da610a8b795e, Lý Thúy Anh, 3/24/2004 1:05:43 AM
58, 487d7ff8-8dc9-49c6-b0ab-56a57dae4994, Lý Xuân Đạt, 9/4/2002 8:39:20 PM
59, b261250b-cc27-46d6-9689-33f9493ea168, Lý Anh Thanh, 3/24/2003 3:47:31 AM
60, f78ac532-b098-47a0-8b3b-3999fd5a1198, Lý Thảo Phúc, 5/29/2003 6:41:09 AM
61, 78c60e66-280d-46f6-84eb-e0f4994dfa1a, Nguyễn Thị Phúc, 2/28/2004 3:05:09 PM
62, b57316bf-e4da-47cf-800e-0d5ae0480c4b, Đoàn Thảo Tuấn, 12/6/2002 9:42:48 PM
63, 4877b9bd-af5e-43ef-96ac-d1daf6f50401, Đoàn Thảo Thanh, 12/8/2004 11:07:32 PM
64, 834b997a-295a-4a8b-9212-2349f6c5bd12, Võ Thúy Trang, 11/10/2002 7:50:54 PM
65, 0395632f-776d-42a3-9370-4f3d904c62df, Hoàng Minh Giang, 7/13/2004 1:41:36 PM
66, e4176cb6-1a0c-4bc8-b95c-4d75b1d4c1d5, Trần Thảo Tuấn, 5/31/2002 7:52:54 PM
67, 2087dd7b-988a-4ada-a6e6-e320987c57e9, Hoàng Thùy Đạt, 6/25/2002 2:43:48 PM
68, a7d07493-9416-449f-885c-03483b1de9ab, Hoàng Kiều Dương, 4/20/2003 3:49:45 PM
69, 5a3e482f-0fc3-4fa7-bca7-4a80d11ee528, Đoàn Thúy Thành, 8/28/2004 7:52:47 AM
70, fa6cdc37-3f34-4ed9-bdcd-37b661d532b8, Trần Thái Thành, 5/12/2003 1:43:14 AM
71, 76f311b4-585e-45cb-a5c7-5b25cb885b5a, Đoàn Thanh Linh, 11/2/2003 6:44:35 AM
72, 3b84b6b5-d5de-452b-ac3f-898073bf02c1, Lê Minh Linh, 2/21/2003 8:35:12 PM
73, c488925a-3f29-435f-a487-d2b155523e46, Lý Minh Dũng, 2/23/2004 1:58:34 PM
74, e9bd5d43-c36f-4ff6-9c25-e44fd4d8b37e, Trần Kiều Huy, 10/10/2003 11:59:23 AM
75, 13b55b58-a3ab-401d-9a61-6a1840c1844a, Hoàng Thanh Dũng, 6/16/2003 5:41:34 AM
76, c6227085-81e5-455e-af1d-cac87fb2ca4c, Phạm Thái Linh, 3/21/2003 9:11:31 PM
77, 83c8f324-f411-4baf-ae96-bc83d1c161ec, Lý Thị Huy, 5/11/2004 1:07:50 AM
78, 12d9820c-1de1-484e-bb07-dfa8e9aaf9db, Võ Kiều Ngọc, 7/11/2004 10:52:37 PM
79, 5060605b-76fd-44c6-b67d-190eafb7f652, Lê Hoàng Bảo Phương, 8/11/2004 1:06:16 PM
80, 13737a36-7f8c-4bcf-a6a2-ce6c16727619, Hồ Thùy Anh, 4/18/2002 5:13:23 AM
81, 5851a618-6ec7-40d5-81b1-2a07de9fbeba, Trần Thái Giang, 2/14/2004 9:15:45 AM
82, 96a65fe4-e9b4-4166-9284-825120c77b98, Nguyễn Kiều Anh, 11/27/2003 7:26:16 PM
83, a53112e0-32fd-4428-84d0-d2ddcb8af801, Võ Thanh Dương, 4/13/2002 5:48:41 AM
84, d01760c2-426a-4fd8-ad64-5476497311d9, Nguyễn Hoàng Bảo Thành, 11/24/2002 10:55:08 AM
85, f3f2806d-04ba-4521-8c96-5761ba37dedf, Lưu Hoàng Bảo Ngọc, 7/5/2003 4:42:08 AM
86, b8c16caa-156e-4e61-a12c-a294ef796edf, Lưu Minh Anh, 8/6/2002 3:32:49 AM
87, d36b29d5-48f1-4951-a28f-908c52809899, Hoàng Thảo Phúc, 12/31/2002 3:50:09 PM
88, 2dd9fe72-0ccc-48ed-bb56-e43965abcdf7, Hoàng Thúy Long, 10/16/2003 12:04:51 PM
89, b905d2c0-a7ba-48cf-abb9-007ea199a419, Võ Minh Trang, 7/10/2003 2:45:12 PM
90, e1a665b0-fe8d-4c9a-9107-cb7e640ff051, Lê Thị Anh, 1/24/2004 10:27:27 PM
91, d5c825fe-887e-410b-82d2-1b95473c9db4, Lý Xuân Bảo, 8/13/2002 6:18:58 PM
92, 1ca155f3-87a2-4c40-962b-ab2c05958134, Hồ Xuân Anh, 12/5/2002 6:20:57 AM
93, 933339a2-a099-4b72-b436-5d041b7c73e0, Phạm Xuân Tuấn, 4/23/2003 5:16:50 PM
94, 0b1e8aa4-208d-4f60-8b07-a9d456bda7e4, Lý Thanh Ngọc, 7/5/2003 8:49:39 PM
95, c0d40f06-af26-402a-9156-cd56387e0406, Lưu Kiều Long, 4/5/2002 9:36:27 AM
96, e3d3c50e-11bb-4956-a803-f57921d14420, Phạm Minh Phúc, 1/21/2004 1:36:39 PM
97, a6921074-013c-43a3-b6c7-8151ac491ee9, Hồ Minh Ngọc, 12/1/2003 3:39:58 AM
98, cdee2d5b-9c93-48fe-8cc1-294dd71e86ca, Lê Anh Tuấn, 3/9/2002 5:21:24 PM
99, 70aa084d-0c75-4328-93f1-93ee3c497d1c, Đoàn Thị Bảo, 2/4/2003 11:55:18 AM
