UUID, Name
730ece8e-3ea8-4221-aba0-abcba90b260a, 10th-grade
f4800a9c-ee54-4d2a-9e0d-d232fa95d219, 10th-grade
3fd00676-7efc-40ab-8d23-df8ca3d0f419, 10th-grade
fc979c9a-ff37-448e-849a-a3351bbfece5, 10th-grade
bc8a27a5-7c63-4db3-a27f-2774bad31abe, 12th-grade
39bfcb11-7b90-48fb-be1e-33cbb3967fa8, 11th-grade
499da0d2-04e8-4a8e-b0d8-000585ce71ca, 11th-grade
5e7edb48-fba2-4c2b-9989-9628c99f7974, 11th-grade
ac7be646-ff4a-4aa4-bde0-ffd11555a7f4, 10th-grade
bda8dd35-c989-40fe-a0f8-ed3a4ec47a3e, 11th-grade
